SCIR/234/11,AYELE,KINDE,EJIGU,2013,Bachlor of degree,M,history,Mizan Tepi University,3.5
SCIR/177/11,Gutema,biruk,Faye,2014,Bachlor of degree,M,information system,Mizan Tepi University,3.5
SCIR/277/11,Nebil,Sebsibe,Haji,2014,Bachlor of degree,M,information system,Mizan Tepi University,3.8
SCIR/352/11,Yared,Tsegaye,kifle,2014,Bachlor of degree,M,information system,Mizan Tepi University,3.7
SCIR/358/11,yilikal,mengedu,sido,2014,Bachlor of degree,M,information system,Mizan Tepi University,3.6
