<?xml version="1.0" encoding="utf-8" ?>
<dwsync>
<file name="Account.php" server="C:/xampp/htdocs/Prison/" local="131544691875679857" remote="131544691870000000" Dst="0" />
<file name="Register.php" server="C:/xampp/htdocs/Prison/" local="131545033344721947" remote="131545033340000000" Dst="0" />
<file name="LogIn.php" server="C:/xampp/htdocs/Prison/" local="131545029687012226" remote="131545029680000000" Dst="0" />
<file name="UpdateAccount.php" server="C:/xampp/htdocs/Prison/" local="131545030439837419" remote="131545030430000000" Dst="0" />
<file name="AdminLogIn.php" server="C:/xampp/htdocs/Prison/" local="131543504155956039" remote="131543504150000000" Dst="0" />
<file name="LogOut.php" server="C:/xampp/htdocs/Prison/" local="131542998456055431" remote="131542998450000000" Dst="0" />
<file name="index.php" server="C:/xampp/htdocs/Prison/" local="131543794262767437" remote="131543794260000000" Dst="0" />
<file name="connection.php" server="C:/xampp/htdocs/Prison/" local="131544511817002014" remote="131544511810000000" Dst="0" />
<file name="AdminAccount.php" server="C:/xampp/htdocs/Prison/" local="131544601702947522" remote="131544601700000000" Dst="0" />
<file name="adminAddPrisoner.php" server="C:/xampp/htdocs/Prison/" local="131545028746538034" remote="131545028740000000" Dst="0" />
<file name="adminAddStaff.php" server="C:/xampp/htdocs/Prison/" local="131545033343730338" remote="131545033340000000" Dst="0" />
<file name="adminViewPrisoner.php" server="C:/xampp/htdocs/Prison/" local="131543504356646285" remote="131543504350000000" Dst="0" />
<file name="adminViewStaff.php" server="C:/xampp/htdocs/Prison/" local="131543504448328331" remote="131543504440000000" Dst="0" />
<file name="adminViewVisitor.php" server="C:/xampp/htdocs/Prison/" local="131543504540595040" remote="131543504540000000" Dst="0" />
<file name="adminDelPrisoner.php" server="C:/xampp/htdocs/Prison/" local="131545085641661229" remote="131545085640000000" Dst="0" />
<file name="adminDelStaff.php" server="C:/xampp/htdocs/Prison/" local="131544622522205936" remote="131544622520000000" Dst="0" />
<file name="adminDelVisitor.php" server="C:/xampp/htdocs/Prison/" local="131544622603993524" remote="131544622600000000" Dst="0" />
<file name="AdminLogOut.php" server="C:/xampp/htdocs/Prison/" local="131542997365611760" remote="131542997360000000" Dst="0" />
<file name="StaffAccount.php" server="C:/xampp/htdocs/Prison/" local="131543505339604566" remote="131543505330000000" Dst="0" />
<file name="StaffLogIn.php" server="C:/xampp/htdocs/Prison/" local="131543505554649001" remote="131543505550000000" Dst="0" />
<file name="StaffLogOut.php" server="C:/xampp/htdocs/Prison/" local="131542998931306309" remote="131542998930000000" Dst="0" />
<file name="StaffViewStaff.php" server="C:/xampp/htdocs/Prison/" local="131542999199613246" remote="131542999190000000" Dst="0" />
<file name="staffViewVisitor.php" server="C:/xampp/htdocs/Prison/" local="131530919084244503" remote="131530919080000000" Dst="0" />
<file name="StaffViewPrisoner.php" server="C:/xampp/htdocs/Prison/" local="131542999130482557" remote="131542999130000000" Dst="0" />
<file name="StaffViewMedical.php" server="C:/xampp/htdocs/Prison/" local="131543541610000000" remote="131543541610000000" Dst="0" />
<file name="ContactUS.php" server="C:/xampp/htdocs/Prison/" local="131543504626709750" remote="131543504620000000" Dst="0" />
<file name="StaffViewVisitor.php" server="C:/xampp/htdocs/Prison/" local="131542999271781175" remote="131542999270000000" Dst="0" />
<file name="UpdateAdminAccount.php" server="C:/xampp/htdocs/Prison/" local="131545033346510898" remote="131545033340000000" Dst="0" />
<file name="UpdateStaffAccount.php" server="C:/xampp/htdocs/Prison/" local="131545030828555529" remote="131545030820000000" Dst="0" />
<file name="adminGrants.php" server="C:/xampp/htdocs/Prison/" local="131544643717161246" remote="131544643710000000" Dst="0" />
<file name="AccountGrants.php" server="C:/xampp/htdocs/Prison/" local="131543800324789619" remote="131543800320000000" Dst="0" />
<file name="StaffViewWork.php" server="C:/xampp/htdocs/Prison/" local="131542999347406604" remote="131542999340000000" Dst="0" />
<file name="TMP1rufom3.php" server="C:/xampp/htdocs/Prison/" local="131540881880000000" remote="131540881880000000" Dst="0" />
<file name="TMPcz7yu7.php" server="C:/xampp/htdocs/Prison/" local="131527968880000000" remote="131527968880000000" Dst="0" />
<file name="TMPoafgor.php" server="C:/xampp/htdocs/Prison/" local="131537430440000000" remote="131537430440000000" Dst="0" />
<file name="TMPq4v7of.php" server="C:/xampp/htdocs/Prison/" local="131537430440000000" remote="131537430440000000" Dst="0" />
<file name="TMPqserzy.php" server="C:/xampp/htdocs/Prison/" local="131537430440000000" remote="131537430440000000" Dst="0" />
<file name="registerview.php" server="C:/xampp/htdocs/Prison/" local="131543552357482768" remote="131543552350000000" Dst="0" />
<file name="StaffAddMedical.php" server="C:/xampp/htdocs/Prison/" local="131545027034844422" remote="131545027030000000" Dst="0" />
<file name="adminViewCell.php" server="C:/xampp/htdocs/Prison/" local="131544622118666843" remote="131544622110000000" Dst="0" />
</dwsync>