<?xml version="1.0"?>
<dependency>
  <module>
    <title>core</title>
    <properName>phpWebSite Core</properName>
    <version>1.9.0</version>
    <url>http://phpwebsite.appstate.edu/downloads/modules/base/</url>
  </module>
  <module>
    <title>search</title>
    <properName>Search</properName>
    <version>0.3.2</version>
    <url>http://phpwebsite.appstate.edu/downloads/modules/search/</url>
  </module>
  <module>
    <title>filecabinet</title>
    <properName>File Cabinet</properName>
    <version>2.2.7</version>
    <url>http://phpwebsite.appstate.edu/downloads/modules/filecabinet/</url>
  </module>
  <module>
    <title>notification</title>
    <properName>Notification</properName>
    <version>0.0.1</version>
    <url>http://phpwebsite.appstate.edu/downloads/modules/notification/</url>
  </module>
</dependency>
